at1,at2,at3,at4,at5,at6,at7,at8,at9
0.799120822342477,0.772021511986146,0.776702995034407,0.754353419846041,0.798963345724761,0.737655902395743,0.633449589491477,0.77201770791004,0.813219049561292
0.684708419475644,0.861653563581237,0.668549731919869,0.821077892529989,0.836068821503539,0.811750975942684,0.711797902040608,0.800267230279915,0.65272222023553
0.783459976296466,0.731754634850107,0.772277355731315,0.741670944140893,0.817473159290095,0.834322907587119,0.834992817522477,0.873728272110231,0.77613494583861
0.78462071910606,0.841168463870781,0.756205555272193,0.817033899124945,0.850040158161209,0.763269928008645,0.917085404388403,0.907137627608777,0.733745622622682
0.674249911577534,0.709285570276811,0.674090151086733,0.768460347193886,0.82822550173471,0.710639507338029,0.756062213687737,0.87046673719243,0.679726396572243
0.693427183483213,0.703754839727797,0.678479933582401,0.746214770307548,0.847576733398381,0.73636149948244,0.834303776581486,0.855355601555059,0.653661491589875
0.718507382311066,0.721404257636886,0.707556674783421,0.754014503785982,0.778151395227524,0.68727949316888,0.70466192631441,0.822548628288161,0.72594033290926
0.689863824031661,0.767047511186954,0.700666340313098,0.696082228766367,0.853659272664432,0.775099009555971,0.788126749774643,0.900916457246508,0.678300852952728
0.77435002408362,0.725992016243448,0.771492445649057,0.703547453346084,0.89238001411355,0.79864241516524,0.837116352010633,0.830576856131579,0.781854791784661
0.737723312337248,0.853429076100289,0.727573873132827,0.836939690859008,0.867196544968218,0.857484149858345,0.770657001306258,0.882763181249499,0.710166970428329
0.678939024189317,0.879049218210795,0.698910313121177,0.751915792143412,0.846010992088453,0.84492719439049,0.827595741574465,0.861282309305724,0.679985862397382
0.673738056365267,0.767248920244579,0.602415205064914,0.780721323415667,0.830689561699739,0.766817143332331,0.741473867305026,0.838596765680998,0.588125778414872
0.603284568491568,0.758282652197151,0.558632341001065,0.754774872938238,0.855876999074557,0.642970628153848,0.860211758071651,0.875554656867357,0.54974493794608
0.618273085124172,0.790518521588001,0.63733356547,0.799849620517894,0.879454223848232,0.699754161403217,0.721716991233164,0.842254131489832,0.617197570034691
0.833465466691675,0.874927723000053,0.837450868046452,0.88114016825343,0.908890967681272,0.863739125110814,0.762477406205623,0.823977369329995,0.836622728528971
0.824296537024978,0.863400680099578,0.921103675672836,0.910577682893636,0.929621398183605,0.837548814084805,0.775612120898434,0.79629541796999,0.917979397958851
0.827007340928355,0.865572479249398,0.845029340614187,0.826307237477112,0.884195819149783,0.756578012149627,0.901099730924422,0.929291514127884,0.870947692315576
0.704105749690101,0.720015930442989,0.696089708450718,0.767540524446276,0.830603877205009,0.703285125542487,0.800308875278187,0.840633505854846,0.679293706110762
0.725698891838729,0.743379456067005,0.726023926232698,0.891276846316991,0.905047252102965,0.71151170776328,0.752096928258861,0.80772204539434,0.731466431478175
0.77263896778015,0.889118158026096,0.781226951505228,0.80465755519544,0.86832975640149,0.841230570944469,0.839686708424978,0.863925531977116,0.761847870864135
0.773547296222753,0.717654694726479,0.689490310862926,0.805108331076908,0.879441419884753,0.711279412890741,0.878030575129666,0.880820351082038,0.713898811911022
0.652117818203624,0.703913376205366,0.655820672340904,0.776104780871139,0.782905744532829,0.712043364868899,0.719868849016359,0.832173008639046,0.651638725864462
0.681169597385542,0.762545362135537,0.728811286275572,0.877577565334837,0.889719434006718,0.686769425801012,0.885828317356255,0.872832051763527,0.719441711221314
0.684859226470243,0.765042730962081,0.698451122594813,0.826314952685876,0.876717719235553,0.761541271608219,0.829347486504353,0.930381646005104,0.698157302322514
0.601850660186881,0.709626259907063,0.630876114162951,0.701482817803643,0.885839219281681,0.785781308467932,0.812797889090334,0.885041005638708,0.593298247785092
0.612717196285713,0.745666869154617,0.673698848687802,0.754594732448711,0.815811423939591,0.760965153917041,0.7752327124823,0.811452548670147,0.654526965295182
0.595435960129129,0.830857751109642,0.664235206610882,0.775288977836864,0.890998424345253,0.784941232145033,0.802850383520637,0.836082485487976,0.610176580181187
0.708983681509131,0.761654516027685,0.713031503970144,0.873624884030545,0.864305718337519,0.762459313648533,0.759158007222099,0.737415567576238,0.688234880102676
0.643501510883749,0.731322700921584,0.673994752994291,0.833289458585011,0.851118995572316,0.734560276583311,0.76432639416918,0.74158651934491,0.64049186932439
0.622612590295019,0.670984290668042,0.623147266395371,0.790643781321022,0.820236856266685,0.655711688772161,0.610615619096132,0.695081114411161,0.620584450330755
0.596693367867017,0.667561717717933,0.590680754371416,0.725984825611784,0.792760385681787,0.671738122233594,0.727730703842687,0.77041503922718,0.578396275668178
0.557751090728717,0.607900019059278,0.538099244270322,0.718583831394012,0.799487184133617,0.713461018420618,0.634458736656547,0.74869832170193,0.532746409591819
0.505553121426619,0.589010493750915,0.494970395812584,0.709819579057996,0.753912428933319,0.713775775385707,0.619136692476942,0.603858834104416,0.502206212478084
0.595955159420782,0.645464574739317,0.55352347035914,0.719708728101837,0.783646822094627,0.749088539261147,0.593032900986761,0.599854223235869,0.531244413320805
0.673066108786892,0.704576816356502,0.642448331359323,0.740443576471167,0.874870433471153,0.761897991172681,0.907462408635575,0.921350423179736,0.604489775455272
0.692373243857276,0.754089165024529,0.737160951412852,0.802104242183986,0.843623695238919,0.822582583057532,0.815251418259313,0.798318140872782,0.7310992596258
0.735275846137597,0.749686971106068,0.696995521064377,0.772104266699936,0.804050144874456,0.740267593344364,0.769816525305569,0.778641824855419,0.69293214685508
0.709994452365222,0.750797961167941,0.636308559661201,0.746762121903517,0.82541504602527,0.704724750666988,0.765605744931437,0.765355942744286,0.644444400749512
0.781270966021825,0.802730601514467,0.752222530572844,0.805149348010082,0.837909605366751,0.825418586028552,0.812932848146859,0.775566907348469,0.750321227641449
0.877200961800335,0.829034510246559,0.81790935406934,0.804434449343515,0.888266037841229,0.902692828751638,0.812019391695472,0.739821356660651,0.804382890908636
0.735460832720325,0.730896822825288,0.685589887429644,0.755922040977187,0.892056542745224,0.808691795748705,0.706866209990304,0.651181569412564,0.691063471191826
0.602467926847645,0.614591146268372,0.547308901817506,0.748449893407182,0.834789495721144,0.714405185827886,0.67240912414577,0.57084381070519,0.536117984369665
0.502725115579947,0.58150108693267,0.493432335758149,0.751403886971421,0.836312578564119,0.776437890897591,0.697348422278527,0.718550247754017,0.460152165399488
0.730528512604922,0.849769041014788,0.743590946283166,0.874764254784042,0.866753255908204,0.838687621007135,0.83415497868149,0.716847945107853,0.733931861767054
0.73995592317649,0.742487146852958,0.722451987982873,0.752174904681932,0.823173435298655,0.773129715009145,0.721122720319518,0.768968259156532,0.728878089563289
0.680002584630621,0.703241357255957,0.672190129265397,0.80052344515446,0.777416487691607,0.70020893049403,0.72251116527562,0.712507030359086,0.669556234788134
0.611254304204165,0.678291592561081,0.618214635815971,0.78108010917156,0.776753886150119,0.668603288743697,0.665763649418502,0.668569241191982,0.600886069958266
0.569650965204555,0.654279282827738,0.570231104653492,0.741149350351052,0.826796460934534,0.703418278911855,0.718186408928925,0.691505561218471,0.546552108354048
0.539688816368464,0.623202768079872,0.511279333668894,0.753973329836533,0.816678621255367,0.698902233920141,0.64538875729002,0.628746338277882,0.496899112358095
0.548412915360816,0.632003048513793,0.524180950565036,0.714018372666987,0.801044353782375,0.715536745021725,0.621723874612527,0.583281608663421,0.539274967859928
0.512991421283803,0.592986149391015,0.469203650461375,0.676154297737593,0.776522230048333,0.678922930021176,0.488123412108244,0.515420534422091,0.444563165004738
0.460069185866941,0.523606731343359,0.444051192030265,0.639313169562671,0.760609915301532,0.666974273443678,0.473873032550841,0.442706875784414,0.430035872972963
0.440943550904278,0.512740088187977,0.419226633540134,0.657380846710189,0.748164705461432,0.651661379030617,0.442912160289179,0.406421053507189,0.410486904291361
0.370571679376379,0.436412136160417,0.369188558699405,0.630201201118117,0.800785280497923,0.694206498076413,0.444166213588474,0.379573404553441,0.346284648259404
0.332558588865336,0.404620380165021,0.328112858616205,0.628308751763476,0.7718112100977,0.68959198960635,0.44418930925504,0.417175258735788,0.316653746665782
0.27522250820873,0.420112059017964,0.294981553960022,0.620185325666509,0.762450588539642,0.668469475192265,0.466131384388333,0.421324749234572,0.272716706894534
0.300596413115228,0.445075155821969,0.310989677182712,0.646342659706311,0.83242823145622,0.694892138187639,0.428754138418175,0.409468618065403,0.296071054203592
0.316174333156967,0.556311647600353,0.320811134369464,0.640235879268602,0.79352216084341,0.740912237933727,0.657415408133348,0.51785384417717,0.274093596880249
0.577835577688871,0.722559108767632,0.4796977867796,0.722208177394018,0.859513599481082,0.809435721014753,0.676013561195875,0.656672956679149,0.430382300834339
0.59070106656766,0.613874052942512,0.566428577298839,0.687138356949372,0.732257358138588,0.636632523489661,0.602685083923896,0.587674099689825,0.549354784620794
0.439205844656755,0.533431867706908,0.421083568668314,0.622077171935914,0.746577506450166,0.665377831883524,0.475744548781243,0.429997789389282,0.355123012277006
0.376320798151979,0.524238878864688,0.366962985044103,0.599430125846867,0.749313928986156,0.747925883707845,0.363518890158726,0.343935128098105,0.31165663949437
0.342274838011038,0.503768717111626,0.345654331405094,0.588622941899814,0.785108258207083,0.736249596838412,0.400546767780913,0.375506672337,0.291904748689226
0.349882522742942,0.447393857970836,0.335692601588343,0.644304285135788,0.810063886032392,0.703376601796618,0.562525163419237,0.748774064211641,0.309880189481102
0.749839337557759,0.645615720746327,0.810624277116253,0.819469767531588,0.897229600926473,0.718281282444268,0.644343981704835,0.633906496144756,0.830109925416591
0.607641159887927,0.583601704181846,0.582548899355348,0.691349148029159,0.850353973028651,0.681207309839847,0.621445516874719,0.567199901904796,0.588321517043854
0.584650651403962,0.583292025265817,0.515858913154973,0.637196836411834,0.804521643335612,0.665240296332675,0.525333756915662,0.49328938671438,0.510870456152868
0.460968164704105,0.498653198257895,0.419286206942118,0.650005435439513,0.780175456337202,0.652478459606398,0.477420954447762,0.448584837118936,0.414538652159238
0.377313776209321,0.486942321416889,0.368656562581375,0.642939050039905,0.791848681389281,0.717664711651085,0.460124598337649,0.459916194918704,0.355591727267841
0.375961930319396,0.520161844239506,0.36603675317765,0.635386435197747,0.885277243760868,0.765485320585963,0.546609226592466,0.530830989469921,0.346796581979808
0.426554329706106,0.603546032705655,0.428008204057522,0.740149945332108,0.805750920180495,0.711652315837137,0.503507177957953,0.49712695724667,0.4181415261837
0.3979897506128,0.569451047801539,0.370670160697485,0.775580353651253,0.874113440168801,0.806432941780303,0.545954483001809,0.482745140793264,0.349616230278413
0.477592687429497,0.753264508413501,0.500200886264801,0.821188125091826,0.900096953624127,0.775530543806704,0.487460949740272,0.520039971062043,0.466309836952909
0.602091030691903,0.805523385755917,0.584046249372055,0.805800316073047,0.911373962381591,0.718249361749363,0.858082296219131,0.769554375929556,0.72320212252887
0.492385147832018,0.609119971278583,0.447138406766354,0.842096244488671,0.91385175413354,0.688662249853581,0.546795683418492,0.652923040482125,0.391535717978273
0.441899259007727,0.608584549350927,0.420321122618973,0.799419174675428,0.907667686003236,0.70383578875443,0.650449852161862,0.660614803860498,0.401336341960235
0.444998542585645,0.71459949346764,0.405838144862137,0.681350886948714,0.860079268452898,0.669054596339368,0.748097370459513,0.693096339487085,0.36723297809674
0.460588413707008,0.58730010119806,0.458964415790672,0.647706085546485,0.851916035161782,0.590889478960014,0.696374618049437,0.683259362669015,0.474555924877262
0.384427341430879,0.604992930538509,0.335592307442976,0.700311201617036,0.854148503258957,0.608415771129995,0.589267265319524,0.588716887591717,0.321737109300196
0.353560571877395,0.598524994826582,0.336971820314187,0.70331324929839,0.893066121705049,0.683699240193609,0.783745813718625,0.607945767891998,0.290845591840712
0.695496418888788,0.593268992798302,0.662849109761795,0.677401909801081,0.828686337363405,0.592508031266465,0.64321483128339,0.594326822145585,0.68676017611502
0.384949199293545,0.504978980713081,0.372535549724629,0.583266831290855,0.749749081748308,0.586924264902171,0.591964844170323,0.519906278841369,0.368964014721147
0.274656357482435,0.459750746156503,0.218033219926069,0.582661148148891,0.76566451540929,0.651739623095066,0.423738753124985,0.360262982846946,0.209467118559981
0.250036184222042,0.452385755056774,0.250397025463711,0.596207102738949,0.795721412861415,0.664641450535757,0.420400597833756,0.367573974622437,0.236284163614398
0.281748886091755,0.518664101682112,0.294522937970482,0.712338655384495,0.893282083316483,0.71196729048388,0.563737047143162,0.644283066527414,0.266617955698136
0.396712148440874,0.81457517771325,0.50605877092749,0.862049394472269,0.959696209765236,0.788005622424485,0.461798770090808,0.61688257754519,0.445441417693662
0.409020375855637,0.870417962227872,0.401084020375588,0.666865350540314,0.783157006257623,0.810826631840076,0.715182962375307,0.644684842625568,0.331642748621416
0.447768563035837,0.653257956195735,0.421234254332157,0.795555917708042,0.937497894777535,0.699913350925746,0.798898041228755,0.657176361561004,0.369442685971209
0.421033980073971,0.549998633423128,0.394984073714373,0.672060059124692,0.836925327438438,0.660212224838212,0.744096499433141,0.741761017954208,0.359138860514839
0.462445848432426,0.788378261298055,0.456620865816357,0.802432716661788,0.907695552823417,0.661433236917371,0.849920939986207,0.757715841288792,0.402967241455548
0.501050444229552,0.675950529867299,0.473313612113041,0.778839511913626,0.879326815847092,0.652736762083684,0.654546231905779,0.58227056302885,0.446206568705188
0.379798879923692,0.564941736666871,0.383404987055989,0.626966148422438,0.80731353900769,0.587762742513911,0.556216360133013,0.551385154929867,0.337110201611787
0.330224231480186,0.513178495469272,0.291592239911703,0.622821207827066,0.813851354098895,0.581086285620833,0.501963925660802,0.465870630316034,0.271534406464154
0.452153638611821,0.626939020292458,0.601992945480035,0.735871797839092,0.885089659272508,0.619695427752817,0.436448196375287,0.388573495333828,0.567602645080459
0.67163701445844,0.538583650182957,0.472088724586742,0.634082336529491,0.929861993507384,0.656068836562827,0.623456724061194,0.531205462579062,0.486009330713526
0.405255689423151,0.510278240724998,0.336475281325791,0.592432695571647,0.856791468994626,0.542020868469219,0.496809231246571,0.458007769158127,0.313878394799358
0.315500337229919,0.524097871113041,0.248448421379608,0.597842330887468,0.725771636765016,0.58167346225371,0.392255551951834,0.353358666791085,0.239559919210702
0.212695808527989,0.426407787130781,0.186128026809415,0.624046666321635,0.752889178851953,0.606660950108546,0.467571569775451,0.591772795423792,0.168591371565314
0.404590789734371,0.518654680705639,0.382989793203464,0.633220395690361,0.850060370438005,0.543793742793689,0.645557614019089,0.65889160020706,0.352748251749574
0.298543286152,0.61485800613262,0.274517915519456,0.62924454734847,0.913531697869185,0.600982681358285,0.732417118629389,0.753303748207931,0.266154054683537
0.365251425574844,0.563599911270103,0.310669014264568,0.595762193556467,0.87675196305761,0.56810757730244,0.630625134353741,0.664194125443777,0.299815835254728
0.322110918658722,0.464256345997408,0.284664928108725,0.576217635604759,0.776120857196521,0.541138144385022,0.558294880910097,0.514183899223615,0.268444108499402
0.315227153892068,0.462873079009815,0.283970969703499,0.632019106996417,0.877137248878385,0.560335189635638,0.731110586208877,0.613119068734763,0.259338067419213
0.506009539188316,0.524040028458629,0.48646045631306,0.598449541369558,0.839436463737418,0.515777418139931,0.669009229341678,0.618511014739835,0.500351140133888
0.515185745131918,0.549088916813916,0.415308956159411,0.739520741865927,0.848209191383708,0.523308022155239,0.644810498467826,0.640114905366167,0.403573167259028
0.376575642702673,0.509814025677849,0.360615391600962,0.73131717323501,0.842662273884208,0.528737809082477,0.584706170931221,0.587477800798227,0.35820153758972
0.398260917718944,0.468245911852013,0.33718727519128,0.612378433673376,0.750803670850652,0.612292028331203,0.529093615097706,0.513313336763592,0.344939332819079
0.257457886745296,0.456521092679538,0.228220528601069,0.552438106066984,0.802865128776237,0.598350175047631,0.43347491122059,0.440272984355409,0.216155819153922
0.297873558212779,0.513943132609354,0.237838043058494,0.612019126908936,0.668619411460252,0.640078927227985,0.321478917448012,0.287547589893146,0.250700366631931
0.68209181463134,0.806553144875573,0.644096663229664,0.879036881727587,0.936612958191288,0.719958080651474,0.443242615313171,0.492692967532614,0.615663638794566
0.46310886392591,0.718993486854306,0.458425453859735,0.637048520266317,0.835655076483002,0.577372929235916,0.681503595981367,0.660603148970664,0.449238146151812
0.375282706464116,0.580256001403783,0.344487072420106,0.729419727907996,0.904922049466771,0.629252212597509,0.553737105274869,0.633647779715474,0.353561877967315
0.428534097952155,0.609984941818101,0.482044370022854,0.841383440561948,0.913888963422056,0.645193439750138,0.811574425416162,0.795801505435641,0.548172498464622
0.492583598560288,0.788382782653052,0.438201875460194,0.693650963791408,0.871868428612421,0.651335570260931,0.775072559450814,0.641539849468997,0.416414753978569
0.42793033112245,0.664339890074833,0.499077652502065,0.789084509795315,0.863067088318646,0.616995329504522,0.784194448469077,0.797674206425206,0.395493769952865
0.507342896411914,0.686169049095417,0.474057102015783,0.795401731294988,0.87336778415518,0.602404506546935,0.674993087447727,0.785036048563549,0.459912633504113
0.52166674888015,0.67130763713706,0.47829788677256,0.7801703961309,0.857484024959035,0.589598883691368,0.597559383992182,0.627949737620274,0.437859662058369
0.370919691674707,0.609288920789996,0.400274348113124,0.698275717573385,0.791423449200841,0.564059569276738,0.479663296727475,0.449973003728005,0.370717493967158
0.259683000057429,0.531358974535846,0.305705579946944,0.614869578945765,0.711969492280275,0.570927268423664,0.443388950912498,0.398789099055212,0.267160686019662
0.356133847367027,0.702758831970065,0.397068272057203,0.779290698178539,0.912526404739945,0.559972978070119,0.790572877767409,0.622455527629299,0.371166303576643
0.36162352529735,0.660723883780136,0.361173063448432,0.669792030409884,0.901841697055591,0.548231144043165,0.807579132036088,0.755378696864769,0.547744532765583
0.364154845324713,0.621982951465531,0.34710049768485,0.644434815619661,0.864888958857879,0.475199584546357,0.723699475147052,0.576016415680374,0.331079552655923
0.373184351676715,0.54429166281159,0.386742921097013,0.717615743984736,0.809860639170645,0.50340476766143,0.521665492749954,0.533203530358199,0.361604119513237
0.357958636981546,0.632249821000555,0.329037820078255,0.640772824967831,0.767580891903041,0.541348517644502,0.582413736891376,0.62717155425796,0.243288031556874
0.296772060498414,0.739680473808313,0.318976149402755,0.759060236042779,0.896829534164581,0.534318031874939,0.729931165599716,0.593070891788099,0.224864162990544
0.300210716911009,0.574878069101214,0.277325944613744,0.609575297063461,0.87643975046988,0.449078349975494,0.644642608816266,0.600353588517206,0.21371075102101
0.316269584938791,0.509797506852056,0.207962856258641,0.600403062917895,0.924624187524195,0.492281934611365,0.592877900943921,0.572565833168017,0.123232763541138
0.15212386511447,0.43361434524094,0.138230048105254,0.56511373015288,0.8836846669422,0.463840010208342,0.499171844424036,0.506291429792302,0.0698975467738011
0.122220029981615,0.363750085917343,0.0641283441892659,0.45714204208565,0.76321258495147,0.435415917858135,0.464286557356052,0.477355924730238,0.0281983350643721
0.234257979216462,0.446802067200618,0.133602100469511,0.586699099995918,0.693894399682336,0.42312182190808,0.446429075040429,0.481103649836521,0.0991447148666351
0.209190898384638,0.65052546263516,0.205821614616979,0.690828157324554,0.795642033997528,0.444963617170214,0.452780187075542,0.459863997713072,0.197344926882142
0.230646019659387,0.467503463966365,0.261193089803684,0.656921202977761,0.767088981326194,0.466891475193557,0.416935023835731,0.43405166768252,0.250466408814302
0.149416526274788,0.457169073864734,0.136603787727143,0.610940674901411,0.694743657888744,0.442224486103487,0.320513046109338,0.319936550151681,0.122782348083391
0.094207116863277,0.342466872483361,0.110524141057725,0.543585967439842,0.718159762553423,0.470587870252271,0.454028773353642,0.39543720483996,0.0946284450561641
0.0777561042583638,0.424902664808484,0.102189813555628,0.633211595641883,0.833330118663015,0.435875529473598,0.645652048602575,0.680398708142891,0.07325802692443
0.196442764896866,0.651937702693959,0.242865329471585,0.640995962936722,0.778578561570983,0.475604169094694,0.506773516146335,0.53153399058514,0.238072454082187
0.103807491566915,0.368581123398558,0.128659770566606,0.656709366612086,0.759341387956564,0.386158185353494,0.373287814695987,0.364441781860794,0.113527084445554
0.168323009340802,0.378290966993969,0.221317989683952,0.577950663481011,0.771548875156999,0.484559003502494,0.570207677111619,0.593528376546752,0.18963024983334
0.338476389510972,0.575225877992096,0.356247498601386,0.631010655698928,0.862308621204443,0.550357244319989,0.55299195599559,0.518168069428057,0.34653503212048
0.27315458959873,0.431766452822753,0.298565068591542,0.604622329307956,0.741191434281182,0.343600990328765,0.456741101028592,0.406020533539231,0.279758736928828
0.198560239984245,0.32028325636009,0.210239463771722,0.526478605396009,0.638726685228821,0.343735182146676,0.402729586618365,0.362735710824041,0.190963310867147
0.0883111735967683,0.26446493069878,0.104767728162463,0.501895420173927,0.681270487479042,0.36844818057374,0.654084429199576,0.501868145733327,0.0455371212541299
0.37225522928339,0.476925507436186,0.389648075462764,0.595903433263974,0.741286675357351,0.42317392989992,0.534995442905958,0.508581876148853,0.375170343476919
0.249681659316872,0.421993089007184,0.264504652247688,0.598661156485028,0.683880436974436,0.400030508975855,0.438576063085199,0.435789163385494,0.179537579149272
0.139566352952551,0.277991640089551,0.101392481344923,0.497924692703717,0.651160390058259,0.442683512476472,0.294664844997156,0.407373739047352,0.0334864362151412
0.0639052347687889,0.280346331082254,0.174594175112308,0.442203863443246,0.534527502290841,0.426538867171615,0.174585360789622,0.25149332736681,0.19504702225255
0.157677680624394,0.625859265763566,0.148059238343528,0.738701063384512,0.863040438374594,0.423588716937551,0.753090441598959,0.606788697122098,0.110744895234085
0.352547906120355,0.51380783810897,0.396191100639442,0.591305072490328,0.750387149496897,0.48103582594302,0.564498547526305,0.493378814619838,0.399199214858676
0.358189483022096,0.475608908131344,0.415904183444911,0.725500048569773,0.757764209438456,0.404203737480508,0.532848505855792,0.459945364260253,0.4296243904142
0.316052699072468,0.427612273247043,0.330531087671825,0.735626131603354,0.77882191181667,0.41160039233942,0.424950105134707,0.410303648456206,0.33338408051746
0.260300216758469,0.437957736564582,0.299994523343715,0.702403447043937,0.782162486585948,0.457914879757526,0.450947571627158,0.657437187004338,0.282031561777113
0.296319468224133,0.463397245725427,0.276145085878249,0.627116009750839,0.813353776661957,0.470375455781221,0.630820348405624,0.589251949095652,0.239267979565146
0.430472353236344,0.580684042042407,0.431338030349098,0.624438939366627,0.899046978659122,0.481964252468766,0.610568300100666,0.575275912655401,0.442838244877935
0.371985129174202,0.508952141935546,0.376739878157298,0.590656452534378,0.883219809555746,0.455998100017433,0.61467518209222,0.504942945478072,0.344975164646641
0.270632041071432,0.486075081278493,0.290392539223263,0.556109342836253,0.767325993824072,0.473937684001885,0.477488628462092,0.420861215780796,0.231920542171201
0.144712875383402,0.376735449584645,0.136349499870513,0.5244138271115,0.63776125995911,0.488178342824473,0.351182999331228,0.29734396373004,0.00768568256628558
0.104697406282776,0.286999688740216,0.0747175467246262,0.570277442297242,0.667305260181873,0.441563408333572,0.337770697707775,0.43303215744333,0
0.116491466063775,0.253585269466816,0.142827220551186,0.499654137754068,0.698301953565442,0.439663393649339,0.497425630749274,0.297348292383245,0.0701484801918385
0.27183268385752,0.335759408444612,0.249039584084729,0.505589360069075,0.686290861607501,0.413554135137962,0.372719016104335,0.264800784941486,0.250053238330589
0.558138564071681,0.672318361601978,0.528665321091911,0.649040570432417,0.795699733909872,0.538055533080619,0.53578737589795,0.258645839761559,0.535096108180702
0.28660443952311,0.505795415381005,0.292298402763724,0.564375643037403,0.748366592704984,0.40681035394862,0.398037412189228,0.42486444918839,0.279981246832621
0.195443192155992,0.470148406679674,0.211461407242873,0.601692901653581,0.803483166244167,0.423867210280324,0.657617095538005,0.574755207434932,0.20764025918548
0.175382864290809,0.340666274080779,0.190092776955538,0.583215761747559,0.727498087800496,0.416328320087982,0.430343367935355,0.431829933788842,0.205723921945797
0.078702369974029,0.274363804045988,0.11539580649998,0.419257330221808,0.583049374456262,0.427090183428517,0.187915168203559,0.232509767152751,0.114726356907791
0.0754966579103804,0.348215099121038,0.08499193519807,0.444362005745732,0.66890120214479,0.408780968859572,0.432647745917721,0.364947795353938,0.0994516638406176
0.10992372152951,0.249246153268104,0.172932468310217,0.488219773709644,0.616596411816275,0.41568719409059,0.301769702952579,0.24557414926022,0.197730216271469
0.105027090499602,0.252154362314104,0.211318654469447,0.456863802110048,0.643673390176103,0.367482048730793,0.205685285236603,0.157048498569523,0.155914298647431
0.0837696313031983,0.255072723889675,0.0938805622662864,0.403084029446846,0.581997690154996,0.352939472592112,0.150499720887513,0.110745362714356,0.0590536567040209
0.321580346392818,0.659371998636142,0.253638433749957,0.580160553351616,0.74557881514156,0.374000433058022,0.48881463343432,0.365299997131955,0.277182071315086
0.430887764770522,0.479628792401143,0.545113639440296,0.603663213237639,0.834647909864122,0.414481259142339,0.647085492995542,0.578855227101577,0.54305042774998
0.453321179512392,0.549585801951826,0.585352310743743,0.703997679670591,0.940769853434836,0.484258313768184,0.809731475442072,0.724862030780907,0.648338943209601
0.405116730020176,0.467768767942076,0.370106875518201,0.569656264503821,0.770272818167956,0.479098669772753,0.597181913299617,0.519354980427225,0.36637727151742
0.332081412838434,0.403860378573589,0.333589432824707,0.521064552213191,0.688605980930466,0.433742666791314,0.541868063085671,0.458773391218477,0.363193795099379
0.249431378943794,0.327037200784657,0.242327591553879,0.559208373047001,0.686563142101773,0.373657348929584,0.388681797309197,0.289271211067132,0.239221438513949
0.140155010534382,0.258613041202937,0.154691252493807,0.459019403603728,0.634186548944619,0.351665642379326,0.314336140062285,0.201042406780571,0.183085665199572
0.108432213231926,0.241676106050919,0.126051166415201,0.428770250429075,0.601710077092885,0.368961145605584,0.274175798468527,0.165798344662349,0.115877621644085
0.0485236243243032,0.301847832823373,0.0892448637362632,0.487619725310805,0.621296494155967,0.398520997334973,0.253512692262458,0.220753291358196,0.108567536280724
0.053058479151998,0.530686241876098,0.122834855753021,0.542088114257346,0.665527047304068,0.376802784586564,0.354709388587227,0.327543431959454,0.135206128770567
0.113196165509842,0.318483371667846,0.170011758627631,0.554843020856233,0.670246392685805,0.339367738784614,0.281725030323679,0.204697877688455,0.195362924722733
0.0741173127610991,0.31928453650307,0.14332348119255,0.549167664044154,0.740830403906274,0.397851968831884,0.437762058600979,0.235298604576027,0.122705224544175
0.184888468967102,0.361695056916062,0.218517757875117,0.642968123030559,0.751500526919853,0.368952341988554,0.542172631835673,0.642929978781499,0.190307407497189
0.175810380352334,0.377700778503461,0.200645137763207,0.50947944897665,0.730782575642795,0.347852930378138,0.492385886522219,0.580808370383435,0.217287406896174
0.134215541642859,0.381276099740292,0.182703498292978,0.595752180200412,0.704419610948715,0.366880765613068,0.4257113949733,0.417935395932184,0.211977626793862
0.148379801342224,0.359394201094219,0.261572216304235,0.629131402848452,0.798468330507938,0.400671299529388,0.508032783099656,0.665215630503365,0.213950679025622
0.418412315023365,0.624997203593679,0.404922757824282,0.592564774806956,0.801260811422494,0.568891616658084,0.575284537844846,0.508055300660847,0.378515742928088
0.273482336091987,0.398322603703531,0.29287058077383,0.562931168251149,0.694964397790897,0.383961495555606,0.446353350373477,0.449267918578597,0.283841987971062
0.151111838128183,0.358402796768172,0.156473226625097,0.555088166083422,0.651023311282027,0.365940073975149,0.292002387832132,0.298357000616456,0.147001922867689
0.0652217983881131,0.281275028817928,0.0587017368415873,0.488769551920766,0.575517867597375,0.376325811967109,0.17906105616733,0.15014843265873,0.064948636461572
0.0221233861077758,0.262535443346103,0.0551698484474277,0.515787988190049,0.76584763207093,0.380438678419853,0.633231840035645,0.569573538338444,0.0504955096396591
0.159021793462798,0.316615677356307,0.138324122265019,0.592016541778717,0.772123486919362,0.304696486310149,0.657614262107959,0.543218420889539,0.145917675532213
0.281575961213754,0.582254754344845,0.338273178334742,0.699656936212306,0.813480324642138,0.397591635848684,0.50574803572016,0.503863983167655,0.325697737769111
0.238540787237991,0.428113836756225,0.301852807384436,0.630083042802968,0.734960143506309,0.336229358154333,0.43371273021115,0.424895891697368,0.299892644761395
0.134641773025774,0.423436942865443,0.224844389645606,0.550787989920797,0.686470952137303,0.380350995536174,0.390765082102793,0.433357498732745,0.205264649342745
0.172397463903109,0.328837535114415,0.190395368727901,0.530021656219868,0.677785175821596,0.356432638631837,0.458103099448088,0.46275587706652,0.177751508320637
0.16528277815632,0.394449993562154,0.175007060111886,0.731162786983061,0.837005577028939,0.415921612251386,0.40840851555069,0.456347350603199,0.131386558013022
0.093015606000975,0.505431098369986,0.126659158410111,0.712765290013752,0.884446274381893,0.483531531824474,0.733803008502478,0.608774157208098,0.11167106643516
0.433980425116496,0.727664214587519,0.434631043461395,0.788061727194222,0.919305118481822,0.526328744067609,0.727715880078949,0.778674766156109,0.383212677805185
0.538968051002911,0.621105722950943,0.439749959576339,0.673645702247419,0.858595022158012,0.532679556344378,0.618615045158826,0.647054385930422,0.422740490042583
0.449351508333483,0.594342812825727,0.46572876611198,0.662491391002858,0.868044411439465,0.474488661246377,0.644180245847447,0.640963503390511,0.452014975398637
0.518461515002429,0.592071832918668,0.52878448930719,0.770185977462476,0.866541123352738,0.483376324805635,0.652316900565544,0.60158651242192,0.479008049971029
0.398626961908983,0.53965508641785,0.396463084943924,0.644666293293861,0.757269668839009,0.440592512474113,0.532532382135403,0.554265886127822,0.361264818049595
0.310914491367065,0.475510954955888,0.291806156743016,0.58499978065897,0.674911749448959,0.430491245149013,0.415744362288732,0.446936002082807,0.2247540196425
0.239817768481922,0.431174844048671,0.219967521254981,0.54312340820068,0.674265334857956,0.437961265862208,0.354657102167803,0.380778347444321,0.1332054702229
0.257868819747097,0.453113475529579,0.233242601360134,0.663515793726421,0.831294256352885,0.449546001537924,0.706535458776521,0.534562117242275,0.151209316686263
0.376356326652647,0.55070711583375,0.37430414892417,0.722248651907334,0.849929147655104,0.472388247404649,0.640928528015356,0.497573297418382,0.301116047770189
0.336067406572792,0.501785219729056,0.321192965832199,0.622587985131087,0.743630271722837,0.403247511937064,0.573758839253479,0.468147740994903,0.296123843788805
0.292524281380315,0.408718405011269,0.25525010232019,0.597549566906471,0.692672220686774,0.41334417939903,0.500253340406155,0.424894628430068,0.20863628478597
0.206739285527918,0.363372683027261,0.1549330361453,0.593808975335024,0.728099884789665,0.421746280834905,0.465134777113917,0.47874481218675,0.0793548974940842
0.220069995785433,0.427214433261408,0.215089111250024,0.637955307094589,0.750931681937029,0.412134815072601,0.501637246164502,0.428090973045519,0.127873582942842
0.216317239021261,0.389167841187059,0.17094638372767,0.605578790375812,0.7287050826086,0.404945004175544,0.48259813787477,0.346800753616739,0.114084292381304
0.177332827993107,0.324268593480936,0.113133962085259,0.519884328679898,0.65987787295577,0.377280692166564,0.402297181641019,0.299998976896229,0.0571467333037073
0.21319652985897,0.343879833389603,0.154805571047332,0.523758098600575,0.645797827507837,0.395424625695237,0.352548584145177,0.237398618739966,0.125991175492668
0.23713684049333,0.347404855890303,0.170014952481398,0.537538364294879,0.637946253678941,0.367443137243119,0.329161177773223,0.225206644033746,0.147526953172811
0.21070266535019,0.317572120581404,0.157698806450424,0.60647672362733,0.741328937715066,0.414316274291858,0.360889070967498,0.324502297931394,0.128315169803698
0.207038854736996,0.374406437889934,0.130475185595824,0.573328668189494,0.821789547383067,0.375849235456891,0.549061296223803,0.587580218231853,0.103508753830381
0.255223659352136,0.498830769390201,0.220717313220015,0.57816619329769,0.702136558631274,0.44211711552011,0.646987182964916,0.490783203565152,0.193728838510756
0.304651472599077,0.47085108662524,0.282485188931384,0.63207269593721,0.697544928146123,0.452658795652558,0.514534063358615,0.436461689069243,0.252004922074803
0.279919999779892,0.407029634313129,0.26027018382741,0.64550847506226,0.740365243192926,0.439576131854759,0.517115400206524,0.450241401638034,0.219446676860996
0.404409721421405,0.449205461786844,0.379527124006518,0.705114886149516,0.783008843559829,0.505887512563131,0.506105565345857,0.404005643607408,0.318716055512519
0.499441851750879,0.667633370667402,0.526116807782486,0.73967977080363,0.859503093664894,0.54601813525838,0.515191194310355,0.390056945841686,0.522164886579705
0.416568869020589,0.682212456658468,0.444903162335961,0.768770579235428,0.847375210147103,0.549437560745894,0.699707099343472,0.675667565129254,0.436064409346224
0.297291502451583,0.692207345457561,0.375394006022909,0.750571672167904,0.847224895612637,0.533720959648213,0.493780108963513,0.558737156501429,0.349660869291556
0.502137314450523,0.739528995925995,0.524136689818371,0.844779299334074,0.914250639704821,0.565263741360452,0.846664244024502,0.818791910431608,0.535030653805525
0.601529990131634,0.74176230620137,0.585311293810569,0.731975174913365,0.913426393477238,0.627960004343498,0.888757131219739,0.888836442281144,0.606603553523095
0.591865898937495,0.69350333994492,0.577535408963108,0.76632427638363,0.883718439715434,0.738574190666126,0.691722928839271,0.740768200481691,0.586718255981413
0.624320934499201,0.831729887300962,0.58751308663738,0.75275980457883,0.90966648533547,0.73387058259736,0.834343633735359,0.833931562365567,0.552708163353551
0.476072516524705,0.667195109696726,0.46677565784832,0.714223625054786,0.870443541606417,0.590087675354036,0.775897119710946,0.750822908912836,0.478248829892419
0.439383704841749,0.621701628261265,0.39424433079091,0.707989393793316,0.830501231384075,0.56408994478876,0.716668828792662,0.67234140730882,0.401310912460861
0.396220566170781,0.740902652803876,0.401298740131032,0.762751892064843,0.787879998699192,0.590154078963963,0.640379220853057,0.748678084445273,0.418494316772747
0.469393418903373,0.775391702165935,0.458809504961623,0.874964489788159,0.948499232916617,0.621623569761505,0.584423534499932,0.612933578986246,0.439061254079207
0.543903200979807,0.750625635806625,0.56130031871556,0.886250662586375,1,0.665230832533582,0.548981385645713,0.552532326537368,0.54787709375537
0.53649012721455,0.830889564747996,0.530172452508813,0.885746401252114,0.970693030117873,0.592464833948206,0.630068304684471,0.647434111947658,0.522356728350237
0.534628085488895,0.822095133170302,0.543637065531552,0.839795827598686,0.872434622161337,0.606117802266472,0.714801448513673,0.749144961631985,0.535835519228857
0.448329981862586,0.703203883894616,0.478661743440411,0.796329733163082,0.881958126692928,0.605168738806278,0.611813367786796,0.695610551877626,0.467808981951118
0.448329981862586,0.703203883894616,0.478661743440411,0.796329733163082,0.881958126692928,0.605168738806278,0.611813367786796,0.695610551877626,0.467808981951118
0.817615333958146,0.6276722934317,0.810060328186353,0.696481571112266,0.814693878448257,0.592965159169949,0.681104524845397,0.752818635722061,0.822882808880122
0.557982596951331,0.597794162576699,0.627412995328491,0.702900435669846,0.749862468909841,0.554185293956359,0.592505772373243,0.687174395752932,0.659980422425808
0.562847168112818,0.664739803389003,0.577665240010849,0.726292966482032,0.833223422535909,0.679608470212955,0.85117126058043,0.778695781357036,0.516221149700354
0.864298174419237,0.896434748859195,0.831124743010304,0.867345796074279,0.916178117962894,0.838085056779351,0.795315268855987,0.805658591042509,0.852241611975608
0.648210878594949,0.697569201434747,0.6015814165301,0.780646929818497,0.900703350476429,0.623054769535455,0.791710335777198,0.806358266267549,0.606023492582296
0.635091558634147,0.688703323883582,0.634445179728661,0.73677925198653,0.876116404000861,0.613450537227436,0.843567194359944,0.760890806711043,0.631044142988026
0.627680540354665,0.73155178766615,0.623157161989219,0.719024229927153,0.797993063656193,0.623960492935322,0.86326390465024,0.907228490072016,0.63450480665892
0.812795872858627,0.891198370296683,0.840522652365015,0.90302991771323,0.899249340520049,0.806414535190664,0.819582341063336,0.788374125346641,0.846532917753601
0.73451747537429,0.719869805388213,0.667277040075075,0.775715980026944,0.8945314439703,0.649001412714676,0.862167709803692,0.844751136324102,0.678458661445752
0.624954295328107,0.73473294452559,0.65544798350761,0.76232751632881,0.854860764765822,0.673199501249223,0.816677686294823,0.807868645066492,0.662722090732789
0.654475917163195,0.715469349354427,0.664092357486561,0.779112038637966,0.819815902771726,0.635327090183072,0.783527857286795,0.840886619657969,0.684716741338195
0.606638889321972,0.718972225423312,0.617835648488936,0.816638560694047,0.849130216733239,0.640233880879653,0.741247949434365,0.747912305368648,0.618260987733928
0.651414331765375,0.76824829671511,0.657280388411444,0.785690360359452,0.806635853198191,0.654730818810716,0.693413808551463,0.780039076997102,0.649294708409876
0.657229518707042,0.752353599908023,0.660589160248023,0.78320940330215,0.821584898080504,0.712371118499258,0.621191860651739,0.6944815477668,0.644423228532309
0.611595857423927,0.764616178409514,0.620986094392496,0.747573196606797,0.796870982535654,0.720558257518174,0.600289340312502,0.697597946118645,0.583066121669363
0.639630271066223,0.798356691936735,0.723748610535331,0.853595509782758,0.91530026495176,0.684778377363058,0.624823450811685,0.816938269076641,0.68768998010172
0.712140611471119,0.699953058200448,0.691102411227914,0.756619946200586,0.881157425769423,0.690259715588072,0.783520256271686,0.719489105156365,0.703545347900585
0.673548915988367,0.696948922916354,0.699977913162999,0.805058831696357,0.86012093486248,0.780833165394317,0.710245096730572,0.78392957271957,0.678270973469392
0.647569902476728,0.848420206982493,0.638766189096077,0.910670333201274,0.96501534661009,0.730242211271043,0.874081637236102,0.855648190677024,0.664753917010954
0.66567122392962,0.742385932021252,0.720919255776118,0.783207329973616,0.870162204127944,0.667946065009612,0.787899482991442,0.866375253501437,0.739865956419726
0.683304922368495,0.688668744617665,0.673031543795181,0.74609082380155,0.779679916543281,0.728349890384262,0.753577652393225,0.891664690789332,0.659418257771755
0.668192983806994,0.680015406436859,0.669437273548854,0.738392333703234,0.911578144203882,0.674977896123165,0.857918046490299,0.885591115725138,0.681540063011131
0.729761163365553,0.666179678312122,0.73154186709244,0.703682794237641,0.856575453854917,0.642427041379915,0.812534790479571,0.833379528829774,0.751633765934462
0.746715784259767,0.616549667357632,0.755124062858625,0.611168683943365,0.689635847106673,0.646619133248825,0.700407652432229,0.727047686616956,0.773343421295908
0.763477189491047,0.673883828133426,0.744903937782244,0.646378698509872,0.707071869192996,0.740739734144826,0.6573643350215,0.887470793233265,0.767962819716672
0.697308329600242,0.741926670123856,0.692473338163749,0.676503694633979,0.76756704949102,0.726879122509125,0.605190407052166,0.712333937759156,0.695448511082292
0.692892803572651,0.730419225709285,0.684887467988352,0.732605962816497,0.849964265772327,0.687495447643211,0.794987707927418,0.801414541060932,0.694593471822139
0.693804297320608,0.774657629671114,0.665475624474154,0.77077192294502,0.887254567549006,0.738693226844991,0.789929781929482,0.803926198368459,0.669442087525089
0.63773952391074,0.77141873364526,0.618687440367048,0.765587324067591,0.848732337493535,0.714942263563529,0.803387179340695,0.799028232700217,0.601080795118566
0.633410517418977,0.721004008878857,0.607426293821864,0.79126415262176,0.825313299479364,0.643299263216476,0.778031606084251,0.749592126139138,0.609387173723795
0.608996816991062,0.67257522238438,0.608693408020361,0.742071635399332,0.773672384665292,0.636763164598637,0.796680150665252,0.762414439110978,0.607303599877511
0.753872118573381,0.668139901600541,0.736343021521767,0.719587686396919,0.710616308183464,0.644409921403041,0.819084110581438,0.844696926455315,0.717583898229416
0.775290558705264,0.698526825850456,0.766164019864144,0.707661258327925,0.751429626934791,0.717069587853584,0.854198627136054,0.874637824566066,0.766801484527497
0.683781891419399,0.754690783586114,0.691414002887651,0.693784177826155,0.748473081856092,0.69448217940045,0.849829499417593,0.888033717988829,0.721923381988954
0.724523567926912,0.762776622128085,0.675207211255038,0.754414078087741,0.780342082721462,0.692221352022961,0.858816297342918,0.866237653716658,0.68281975635435
0.748861654312977,0.76574766980087,0.736966062099173,0.790905448942556,0.821412233706777,0.721107778793574,0.806814155883595,0.890572421349647,0.73872022650711
0.702372864555917,0.745896580395728,0.714045293820968,0.791728410491529,0.769895044148498,0.695459866213784,0.705014370753943,0.853236338623281,0.707908633899923
0.764880615227162,0.749339279977393,0.78045048818483,0.782043475386944,0.787201352949286,0.691687803584945,0.704696812475774,0.780766797469907,0.785608380021379
0.658061012663116,0.807147465748943,0.681441474633473,0.804980095171774,0.812911547461796,0.659484697067199,0.764565583483592,0.857528924476453,0.664627015744154
0.824310215283622,0.867944363524164,0.80701697808769,0.832191504442478,0.888302408520097,0.869175720834685,0.811414950409497,0.84800198342958,0.811156508758694
0.780121160823174,0.747263535533527,0.79805759377648,0.715766031605185,0.790956318646957,0.74098400507685,0.785757509796682,0.814356132873152,0.807438638155885
0.805779179541362,0.717651540126781,0.804780338353585,0.703812878652552,0.735350111266906,0.677191886259666,0.745737223151269,0.76555834029073,0.802947076997344
0.813575811948374,0.703399212140153,0.803408612062171,0.710288847174343,0.788298793220375,0.804238803496876,0.809442351383802,0.891547742213207,0.791797836664741
0.786278222154255,0.784033760154836,0.775587851178362,0.80660082429476,0.904403531768491,0.75655209019012,0.865236079018283,0.867168121453973,0.806836098907963
0.803326542510306,0.74418967788643,0.76294047931623,0.721787884081122,0.7290131235594,0.812040075021092,0.797238807432989,0.861531180100882,0.80324470134575
0.736333604113847,0.717543455833065,0.71766051146574,0.730943774259929,0.752059201530349,0.654429897120546,0.788801380903893,0.832826956442676,0.71810804710227
0.735573288489866,0.731186157428107,0.765296883213746,0.739982116345926,0.823669638843191,0.703260920056345,0.835682254572706,0.882451314811282,0.781427475562032
0.788934148869678,0.809484520959173,0.756865940743079,0.764190610777214,0.800841335307936,0.7301463920895,0.860812641511586,0.87987862813268,0.813508377027007
0.806090521402479,0.739165103572628,0.85704199559777,0.747537453993028,0.765565498805429,0.725629108810347,0.862049348081097,0.885444801537121,0.884211039022759
0.859267219535006,0.731448884909494,0.87044955104747,0.764241223545894,0.80046811476044,0.739509247560919,0.850957654213115,0.86458768388109,0.889002565499616
0.859285647535954,0.802337968045753,0.837101563932411,0.785715343789863,0.801442968143729,0.788941835530028,0.860074582944523,0.8663854952448,0.844674573047502
0.859688683332857,0.791378417647011,0.841443724105719,0.78232652577023,0.776532982094589,0.812171651090611,0.855863331521568,0.884478266447832,0.844206193500526
0.833476725472271,0.823381581781878,0.808316633909087,0.788838747208683,0.778046019464544,0.815216946049947,0.857419591189644,0.865394215818063,0.806151547205003
0.795140349157589,0.788579206443959,0.763785194756331,0.793664546056012,0.734950483436873,0.727743304398719,0.836338896632864,0.841919201502015,0.763889086001807
0.801266785178031,0.797742629835392,0.813114994162438,0.85207882178442,0.830550873506693,0.72824038223842,0.847767854321471,0.902191957541486,0.811968604067759
0.952717239607931,0.895035305626772,0.917290039416759,0.875854222507884,0.86423667756789,0.991153942184945,0.847391768226964,0.858081625331413,0.900418915495086
0.833288327354124,0.848420103494494,0.869451626977479,0.859501188058289,0.863837474395508,0.845884347757375,0.81906996127397,0.883227435550716,0.86493405821419
0.855946246820184,0.869500102183693,0.925704388122049,0.902825650245699,0.920249096755851,0.818272689728644,0.803997237527037,0.841609772384605,0.917566841266028
0.819597421762796,0.929227629915453,0.888153428623965,0.896108533274616,0.938791815936359,0.867060957846594,0.844100567938928,0.870828438455057,0.892853625157311
0.882687453013995,0.908261642884334,0.888099529219175,0.895606049079098,0.924420565964519,0.901860464068951,0.84883875527361,0.834684473244782,0.879438161797056
0.787275218400805,0.878520341006946,0.851027637080391,0.889969204076903,0.901953085828176,0.766828484189616,0.858147133234864,0.879295905052316,0.875225129666805
0.853593636293118,0.921371516888801,0.948214069950729,0.885064782898646,0.889302198942625,0.917425280388868,0.826903146355986,0.83787522950828,0.959966031527391
0.869877248138053,0.904795112514454,0.876113206578543,0.911467847408116,0.884943459278145,0.826628739004904,0.88393773435415,0.879828315122342,0.886680466089536
0.846148409877096,0.824557451682105,0.821963446475681,0.84833559305327,0.837152183838194,0.786136696962612,0.851912634332017,0.871954380748529,0.806593590840476
0.833404754921701,0.842131548170582,0.842016112660376,0.884976946567244,0.875850325649433,0.780641940983228,0.880542671369052,0.890806818099133,0.831870527491785
0.810661415033735,0.827737520133278,0.821307914235099,0.849248596298593,0.83058439648131,0.785828730951397,0.856128217976729,0.886621620672098,0.820451775861024
0.905291894164365,0.81764729390712,0.87485568107845,0.795657542923191,0.882757600034649,0.782582398063812,0.886230289724753,0.887772514279015,0.870705444752363
0.886619622283149,0.787719328227709,0.868623637339168,0.782597318178446,0.802621064820211,0.790728859161965,0.8534145663691,0.913601074082673,0.870615542229529
0.867902393787689,0.781078903001087,0.863224443605605,0.785516671811388,0.889585634729493,0.734834341353431,0.856764965361193,0.87172562231072,0.856350991953348
0.85886053310972,0.833634676707362,0.837290843482827,0.880431803605015,0.891743730640808,0.766831913567794,0.867089285009943,0.856642638977665,0.834517265186595
0.805330873097666,0.823285691229302,0.823325316427315,0.821358580532054,0.787226864525348,0.783404877858307,0.86950868811907,0.920267307075148,0.831203343929922
0.843700144321865,0.799284840115448,0.823934361144975,0.800930202950779,0.814877894384923,0.784509308922166,0.871226039347729,0.872471938506403,0.825265463043902
0.819968893719963,0.843183275294468,0.834102781475858,0.837187894334999,0.852383390534422,0.809376165455528,0.86725154348693,0.87985478663881,0.840475943591889
0.821856150831888,0.841543932605846,0.81484027114441,0.855601870876032,0.854741118364617,0.80064769498735,0.860142542442989,0.858235023094542,0.813133083150976
0.789755119166806,0.859514099078318,0.800555066091023,0.868862712459926,0.863875400962915,0.773064735251344,0.851291342344942,0.891235158496099,0.780490152636912
0.789607930683624,0.861389390836414,0.80605389378789,0.819955411731661,0.854489392728103,0.803339578429645,0.857694787190651,0.898779986758461,0.796459542799512
0.790202465670095,0.852225332242779,0.817434576109177,0.808907932219172,0.828476891927365,0.790777751888728,0.72043425391535,0.849925878861752,0.782610582485093
0.792640446659343,0.885798159525887,0.839700254647209,0.903786179462486,0.902829839725388,0.810936040066471,0.846223028293023,0.892171310936263,0.833043571099069
0.846208672009557,0.85690123407619,0.867609255108763,0.857088854250068,0.88066994733378,0.861553972440553,0.9089671669656,0.915577462910267,0.871895249846955
0.865342446838634,0.81164468663047,0.797913627695479,0.785394984198614,0.789684508234431,0.868913407305294,0.840591900110642,0.875762867584511,0.820480381371405
0.83613060027047,0.815421531118579,0.792630929331974,0.756849197098529,0.771203899696162,0.816312716238843,0.821187389970177,0.873586425748936,0.79268642031082
0.914003339072409,0.933337302514431,0.930392055470396,0.875195917502636,0.895458261079232,0.975652728161874,0.816344283647131,0.8372473999345,0.868641822678602
0.817680766922013,0.888312129254912,0.878395452403301,0.85848378683315,0.870990343645426,0.825543024994682,0.802464077094077,0.895537118934571,0.882230218053961
0.881327906189513,0.830036081376382,0.87056025465813,0.834138809573764,0.822762320300717,0.890780496461836,0.809778430445265,0.876211473786549,0.872163305176021
0.897143738004157,0.807937864263706,0.884419228328602,0.787141133639446,0.796156594171979,0.794554168150634,0.850451308844663,0.908340911123118,0.882139416256099
0.835054121672032,0.869451352198998,0.900831336582945,0.875336261503668,0.873228425074415,0.830765032999522,0.827318136801065,0.855478299067963,0.897491814536416
0.807523355573106,0.90803555015464,0.929493686855571,0.880936703710029,0.883682857686491,0.926146064196697,0.856463668973094,0.882971120756724,0.944540742010167
0.749749056768445,0.864266235881573,0.842769837169377,0.872732414231671,0.874253170378941,0.804758998414454,0.839723211140259,0.878125480761975,0.871443781666458
0.852064358444402,0.870585630629228,0.844415596113946,0.840359719431759,0.815199246033543,0.80854676980785,0.873143054612234,0.87265146877359,0.84861365816984
0.887722286913919,0.826497091564351,0.904917974180736,0.850420758473609,0.816280866914972,0.838201969669959,0.85755543524699,0.879768549018566,0.916191867592572
0.850615961819837,0.87673570116754,0.854858898413286,0.879458445444886,0.84178474917983,0.852357026074505,0.887295848555006,0.894356595642936,0.814137980170979
0.852354902786246,0.815984405914419,0.845994922900174,0.780639200335527,0.780232303365691,0.858717676848295,0.825314962424453,0.873437028332256,0.850109512963387
0.900290647472988,0.81031747445289,0.883678354174252,0.774441885741334,0.785391462038092,0.804856862376117,0.831556166635934,0.879605580399792,0.878154225445872
0.857691807449986,0.828580790309943,0.835577753104891,0.775123325667216,0.751820030058696,0.819568909034759,0.852314606700515,0.86444654409303,0.843583549032359
0.874873723675816,0.859383686356651,0.848187794347749,0.76427691619994,0.755414268188058,0.870596536123205,0.862442609614908,0.85858642551698,0.861502103541677
0.845674456252374,0.80724238922401,0.796714151825794,0.74063316648558,0.773708530525404,0.870184318442794,0.843063643167469,0.861006028465003,0.827913556788356
0.844697804319031,0.761702587987558,0.83548433912719,0.725635211033745,0.805061754340195,0.728555906442124,0.887252851075642,0.932470876005821,0.83934973365704
0.828566394772408,0.777990007477151,0.805799602362708,0.784538124977097,0.842669639374905,0.783984970916072,0.887520895699053,0.909924345312347,0.825637980586714
0.860958884328569,0.802818434277318,0.84595563314602,0.86010261034953,0.838715088149525,0.843876905392938,0.900156120211217,0.904622576608588,0.870054383907054
0.811811245212248,0.800799690309665,0.829286810419895,0.860737794708351,0.794390617857934,0.772947058690674,0.859069357617765,0.864349211845569,0.832612061828198
0.805452621375819,0.783221411478601,0.793315923535344,0.791462125164103,0.806995263450631,0.758841580174817,0.886985980505737,0.873242752809468,0.773380833991871
0.848640711360234,0.805506524349162,0.831179438202121,0.820332671879676,0.857561209163631,0.808318264737212,0.856250062605779,0.840885213648601,0.833382169558028
0.825196775560891,0.799497629284426,0.843116372087304,0.784344720180922,0.860331996852437,0.773417968340802,0.915023174049803,0.898908611635729,0.851429680819922
0.819112137986444,0.828197799067908,0.855244362661646,0.786081559270384,0.813736543085235,0.811054309006722,0.797031085607418,0.909558922050302,0.870835761123134
0.831878885039853,0.87610460636896,0.875836286967068,0.84716068309345,0.848012057451013,0.839020627545588,0.763625716181115,0.873739809237859,0.869428938125806
0.874052724830275,0.880943922890107,0.887268445646545,0.901760462544822,0.909576161723537,0.88893972330428,0.771654222371566,0.84335013720314,0.8866469002923
0.880621761180252,0.883978583565394,0.87569639260355,0.886404966761635,0.925378375944916,0.879009771440366,0.778316926066414,0.825542675276616,0.858720367536273
0.934299712357961,0.883891022012472,0.889005009957526,0.863127261237315,0.864805725958162,0.904723727206362,0.897384493912763,0.905982066336243,0.912154415342783
0.914721991855359,0.795089629332359,0.918189028959578,0.7754361770257,0.784894041617428,0.833342355226775,0.868045617609938,0.917652461526829,0.94227705265422
0.878143780295063,0.789920086174528,0.841313250718673,0.775865027725559,0.819729137005831,0.903242289361659,0.838045217468236,0.838345875085581,0.892446121533687
0.829491627444388,0.794514928356204,0.809703630033201,0.78843408772076,0.832787466849627,0.792716424693466,0.934047080309318,0.92210727017147,0.809486911888808
0.744646613088122,0.756505356437132,0.752827714117572,0.778802845044967,0.791354080124456,0.778119581589169,0.791133689940369,0.869181234247053,0.743359211673243
0.769167798293068,0.787720380950458,0.812035789190506,0.814293843803329,0.888202717459966,0.76043363955349,0.888726684336683,0.929840842701492,0.811874326500547
0.863622083752345,0.878077672874927,0.833039460127517,0.799449792848964,0.892221170740536,0.881773943034331,0.921297408775766,0.915658815183241,0.819841464307512
0.869946884855816,0.771090847978488,0.881107187698671,0.76423293736886,0.834419811608376,0.836833048260176,0.848570507242752,0.899263104423934,0.890672997410599
0.929258169580852,0.882565990219977,0.875277441066091,0.813182282773185,0.895627421135195,0.93689497012603,0.860826601685814,0.845506156217369,0.878312105309931
0.804333837597047,0.806819169698726,0.814135410813759,0.861028356892953,0.874418390753834,0.801510149697925,0.850182786035325,0.86258465938365,0.817830767423929
0.773212376940592,0.801906947666465,0.838661163764874,0.833107241198398,0.868283711378979,0.747308017530396,0.816308351900121,0.905304037945781,0.856626994447037
0.861829289772318,0.876217504638912,0.880667656323592,0.891356767600737,0.913057026965572,0.813913482583892,0.750412689621373,0.895889627608034,0.872223274687244
0.805421235963668,0.833032237378888,0.818057356182308,0.796270009881926,0.802231960649124,0.818043581572768,0.793687862972782,0.858690652206315,0.799228157240337
0.808259173089706,0.852484541132195,0.79529509583326,0.844008242369494,0.868647154094833,0.800004616992182,0.757393593933696,0.850220134497358,0.799487455343546
0.822752474666593,0.825554901134721,0.818881605978444,0.835754300062861,0.887870324712404,0.802110483580899,0.801179013080558,0.904401715375679,0.812979771033087
0.813847831938373,0.861051316954555,0.822528590870398,0.882973811444701,0.927491147681161,0.906728703701579,0.854052209460039,0.891715760332628,0.829248691150698
0.774717920351989,0.854626021866821,0.787195896633745,0.808794552194741,0.849270628536753,0.864442661508787,0.827032620548558,0.82853101258236,0.770895676749225
0.79441379916974,0.863436119386454,0.813223692247046,0.850889973061681,0.86463326142333,0.814849028370268,0.843280686050066,0.83740621119055,0.80855683669218
0.826315091859392,0.890709318129743,0.827442896936847,0.876220038310615,0.868129874683991,0.869889199217678,0.882367254007572,0.881610506935286,0.839987640820804
0.901408935223075,0.834253831131973,0.876636042224374,0.823645322731946,0.790906822834958,0.816675227562705,0.821215406669528,0.823799020253418,0.889055487121242
0.84505559088045,0.821420905287394,0.852068251734301,0.861749168649678,0.784629918832329,0.827700585623242,0.831255516155692,0.827331918547708,0.848334304806109
0.863517578715979,0.814854895069253,0.854960905463467,0.814794415255139,0.746155796422248,0.921036065892437,0.810715264478802,0.851409821829744,0.866100257339325
0.73821948733337,0.751491262959655,0.694191213969507,0.73723203339405,0.737733389927233,0.7159310878267,0.752381088461723,0.785306412745562,0.70205548113678
0.694406229914741,0.751388781292099,0.707830621791335,0.788816700696316,0.75604911710302,0.743284678902557,0.744032618789262,0.810727790095249,0.685487252314366
0.710449407020723,0.789886566768464,0.748196679684612,0.79335182673394,0.884954639550603,0.805785988337995,0.858349477253033,0.904660631643856,0.729022722963458
0.776964641244631,0.805553950401178,0.768341164704401,0.77864119679032,0.872276374736454,0.80592956187831,0.843708419793244,0.888712998940936,0.820666806080465
0.817164807875297,0.856940698689377,0.814657775410766,0.811954447623187,0.815571745733597,0.836726551971964,0.761748707949654,0.83989620025219,0.811340324856466
